{
  "experiment_info": {
    "timestamp": "2025-06-20T16:10:54.345127",
    "total_papers": 1030,
    "total_features": 94,
    "gnn_enhanced": true,
    "gnn_embedding_dims": 64,
    "network_features": 6,
    "data_leakage_checked": true
  },
  "performance_results": {
    "citation_count": {
      "LinearRegression": {
        "mae": 0.3479848978457537,
        "mse": 0.24378197218949393,
        "rmse": 0.4937428198865214,
        "r2": -1.7274273060462342,
        "cv_mae": 0.3714529319119157,
        "cv_std": 0.04028533385726863
      },
      "RandomForest": {
        "mae": 0.07721468288643822,
        "mse": 0.09312189037066775,
        "rmse": 0.30515879533558876,
        "r2": -0.04184564718419659,
        "cv_mae": 0.13607319673083457,
        "cv_std": 0.07827347825989428
      },
      "XGBoost": {
        "mae": 0.0873973456662992,
        "mse": 0.0960035938769277,
        "rmse": 0.3098444672362695,
        "r2": -0.07408608219385826,
        "cv_mae": 0.18055366985342505,
        "cv_std": 0.08999557917517002
      },
      "LightGBM": {
        "mae": 0.17203144347777513,
        "mse": 0.16483711105929277,
        "rmse": 0.4060013682973159,
        "r2": -0.8441939480390588,
        "cv_mae": 0.2364471987105859,
        "cv_std": 0.0545478487293672
      },
      "SVR": {
        "mae": 0.131873997362527,
        "mse": 0.09265016861030666,
        "rmse": 0.3043849020735205,
        "r2": -0.036568034576054176,
        "cv_mae": 0.17680499142961711,
        "cv_std": 0.08189215695521873
      }
    },
    "log_citation_count": {
      "LinearRegression": {
        "mae": 0.0659402307444919,
        "mse": 0.03056782687860562,
        "rmse": 0.1748365719139037,
        "r2": -0.03812751893434241,
        "cv_mae": 0.06863434209214844,
        "cv_std": 0.00695141044782253
      },
      "RandomForest": {
        "mae": 0.048255853564779135,
        "mse": 0.03098730990194212,
        "rmse": 0.17603212747093105,
        "r2": -0.05237376784110337,
        "cv_mae": 0.04754428750324158,
        "cv_std": 0.008964844123998896
      },
      "XGBoost": {
        "mae": 0.05078928003018885,
        "mse": 0.031264637421605894,
        "rmse": 0.1768180913300613,
        "r2": -0.06179221067199614,
        "cv_mae": 0.05614486064296329,
        "cv_std": 0.013838923997200684
      },
      "LightGBM": {
        "mae": 0.06828323631040212,
        "mse": 0.03015662009290201,
        "rmse": 0.17365661545965363,
        "r2": -0.02416234300257747,
        "cv_mae": 0.07555112773009029,
        "cv_std": 0.008236798927731848
      },
      "SVR": {
        "mae": 0.10839016833873771,
        "mse": 0.0343097369793093,
        "rmse": 0.18522887728242943,
        "r2": -0.16520818660318715,
        "cv_mae": 0.10370955263642571,
        "cv_std": 0.0031696689693684705
      }
    },
    "cited_vs_uncited": {
      "LogisticRegression": {
        "accuracy": 0.9514563106796117,
        "precision": 0.0,
        "recall": 0.0,
        "f1": 0.0,
        "auc": 0.5058333333333334
      },
      "RandomForest": {
        "accuracy": 0.970873786407767,
        "precision": 0.0,
        "recall": 0.0,
        "f1": 0.0,
        "auc": 0.4016666666666666
      },
      "XGBoost": {
        "accuracy": 0.970873786407767,
        "precision": 0.0,
        "recall": 0.0,
        "f1": 0.0,
        "auc": 0.5525
      },
      "LightGBM": {
        "accuracy": 0.970873786407767,
        "precision": 0.0,
        "recall": 0.0,
        "f1": 0.0,
        "auc": 0.3833333333333333
      },
      "SVC": {
        "accuracy": 0.970873786407767,
        "precision": 0.0,
        "recall": 0.0,
        "f1": 0.0,
        "auc": 0.45999999999999996
      }
    },
    "any_impact": {
      "LogisticRegression": {
        "accuracy": 0.9514563106796117,
        "precision": 0.0,
        "recall": 0.0,
        "f1": 0.0,
        "auc": 0.5058333333333334
      },
      "RandomForest": {
        "accuracy": 0.970873786407767,
        "precision": 0.0,
        "recall": 0.0,
        "f1": 0.0,
        "auc": 0.4016666666666666
      },
      "XGBoost": {
        "accuracy": 0.970873786407767,
        "precision": 0.0,
        "recall": 0.0,
        "f1": 0.0,
        "auc": 0.5525
      },
      "LightGBM": {
        "accuracy": 0.970873786407767,
        "precision": 0.0,
        "recall": 0.0,
        "f1": 0.0,
        "auc": 0.3833333333333333
      },
      "SVC": {
        "accuracy": 0.970873786407767,
        "precision": 0.0,
        "recall": 0.0,
        "f1": 0.0,
        "auc": 0.45999999999999996
      }
    }
  }
}