{
  "experiment_info": {
    "timestamp": "2025-06-20T16:28:32.132046",
    "total_papers": 530,
    "total_features": 825,
    "social_media_enhanced": true,
    "social_features": 11,
    "transformers_used": false,
    "data_leakage_checked": true
  },
  "performance_results": {
    "citation_count": {
      "LinearRegression": {
        "mae": 0.6543679018091432,
        "mse": 7.321448308213219,
        "rmse": 2.7058174935152626,
        "r2": 0.6308789522260944,
        "cv_mae": 0.5345695713553563,
        "cv_std": 0.14364754828635362
      },
      "RandomForest": {
        "mae": 0.4840096241276407,
        "mse": 12.607207338243466,
        "rmse": 3.5506629434858312,
        "r2": 0.36439002417391964,
        "cv_mae": 0.23712644358240653,
        "cv_std": 0.14586297411190363
      },
      "XGBoost": {
        "mae": 0.379430763922601,
        "mse": 6.553721758690274,
        "rmse": 2.5600237808837387,
        "r2": 0.669584959075293,
        "cv_mae": 0.29475556589857416,
        "cv_std": 0.24186173779017256
      },
      "LightGBM": {
        "mae": 0.6724018427692322,
        "mse": 19.31847999389195,
        "rmse": 4.39527928508439,
        "r2": 0.02603183461048042,
        "cv_mae": 0.4910632316103764,
        "cv_std": 0.16209962984538562
      },
      "SVR": {
        "mae": 0.5664837317557726,
        "mse": 18.66538537868051,
        "rmse": 4.320345516122583,
        "r2": 0.05895851229963478,
        "cv_mae": 0.27906846779072214,
        "cv_std": 0.19388773731501774
      }
    },
    "log_citation_count": {
      "LinearRegression": {
        "mae": 0.24213990095597276,
        "mse": 0.1149967928276992,
        "rmse": 0.3391117704057162,
        "r2": 0.31061296247771697,
        "cv_mae": 0.25405547761623865,
        "cv_std": 0.014991439263696022
      },
      "RandomForest": {
        "mae": 0.10772798813427932,
        "mse": 0.1105942947445311,
        "rmse": 0.33255720522119364,
        "r2": 0.3370052212235778,
        "cv_mae": 0.10155786828303934,
        "cv_std": 0.02719831236667087
      },
      "XGBoost": {
        "mae": 0.10163112918433775,
        "mse": 0.09459713716843438,
        "rmse": 0.3075664760152419,
        "r2": 0.43290557460722534,
        "cv_mae": 0.09503000694791226,
        "cv_std": 0.029964579039914556
      },
      "LightGBM": {
        "mae": 0.13593782052296882,
        "mse": 0.15112474551312355,
        "rmse": 0.38874766303236286,
        "r2": 0.09403177215820069,
        "cv_mae": 0.13065305666623347,
        "cv_std": 0.030419280742442843
      },
      "SVR": {
        "mae": 0.14493546293039314,
        "mse": 0.08064804241050395,
        "rmse": 0.2839859898137652,
        "r2": 0.5165281250699629,
        "cv_mae": 0.13945354905338556,
        "cv_std": 0.028143161547776577
      }
    },
    "cited_vs_uncited": {
      "LogisticRegression": {
        "accuracy": 0.9528301886792453,
        "precision": 1.0,
        "recall": 0.16666666666666666,
        "f1": 0.2857142857142857,
        "auc": 0.5366666666666666
      },
      "RandomForest": {
        "accuracy": 0.9433962264150944,
        "precision": 0.0,
        "recall": 0.0,
        "f1": 0.0,
        "auc": 0.7316666666666666
      },
      "XGBoost": {
        "accuracy": 0.9433962264150944,
        "precision": 0.0,
        "recall": 0.0,
        "f1": 0.0,
        "auc": 0.5416666666666667
      },
      "LightGBM": {
        "accuracy": 0.9433962264150944,
        "precision": 0.0,
        "recall": 0.0,
        "f1": 0.0,
        "auc": 0.43499999999999994
      },
      "SVC": {
        "accuracy": 0.9528301886792453,
        "precision": 1.0,
        "recall": 0.16666666666666666,
        "f1": 0.2857142857142857,
        "auc": 0.5766666666666667
      }
    },
    "any_impact": {
      "LogisticRegression": {
        "accuracy": 0.9528301886792453,
        "precision": 1.0,
        "recall": 0.16666666666666666,
        "f1": 0.2857142857142857,
        "auc": 0.5366666666666666
      },
      "RandomForest": {
        "accuracy": 0.9433962264150944,
        "precision": 0.0,
        "recall": 0.0,
        "f1": 0.0,
        "auc": 0.7316666666666666
      },
      "XGBoost": {
        "accuracy": 0.9433962264150944,
        "precision": 0.0,
        "recall": 0.0,
        "f1": 0.0,
        "auc": 0.5416666666666667
      },
      "LightGBM": {
        "accuracy": 0.9433962264150944,
        "precision": 0.0,
        "recall": 0.0,
        "f1": 0.0,
        "auc": 0.43499999999999994
      },
      "SVC": {
        "accuracy": 0.9528301886792453,
        "precision": 1.0,
        "recall": 0.16666666666666666,
        "f1": 0.2857142857142857,
        "auc": 0.5766666666666667
      }
    }
  }
}