{
  "experiment_info": {
    "timestamp": "2025-06-21T12:42:46.043173",
    "total_papers": 400,
    "total_features": 871,
    "comprehensive_enhanced": true,
    "feature_categories": {
      "social_media": 8,
      "github": 27,
      "temporal": 17,
      "network": 6,
      "embeddings": 768
    },
    "transformers_used": true,
    "apis_used": {
      "altmetric": true,
      "github": true,
      "temporal": true
    },
    "data_leakage_checked": true
  },
  "performance_results": {
    "citation_count": {
      "LinearRegression": {
        "mae": 75.9529511810046,
        "mse": 9790.272203192939,
        "rmse": 98.94580437387398,
        "r2": -52.861557313938235,
        "cv_mae": 160.18683540305977,
        "cv_std": 83.18495936167714
      },
      "RandomForest": {
        "mae": 13.924121737347201,
        "mse": 278.52177134263366,
        "rmse": 16.688971548379897,
        "r2": -0.532298187322956,
        "cv_mae": 11.160718125449266,
        "cv_std": 0.2691441025357118
      },
      "XGBoost": {
        "mae": 13.344033540040254,
        "mse": 322.15581383107553,
        "rmse": 17.948699502500887,
        "r2": -0.7723525424575914,
        "cv_mae": 11.904822658213577,
        "cv_std": 0.19439899034585226
      },
      "LightGBM": {
        "mae": 13.706502681972307,
        "mse": 313.00926091505323,
        "rmse": 17.692067739952083,
        "r2": -0.7220324314446784,
        "cv_mae": 11.359169698325786,
        "cv_std": 0.20408998224255095
      },
      "SVR": {
        "mae": 8.96011115741645,
        "mse": 196.89060413181755,
        "rmse": 14.031771240004504,
        "r2": -0.08320119593439101,
        "cv_mae": 9.594154046125512,
        "cv_std": 0.42775846738327755
      }
    },
    "log_citation_count": {
      "LinearRegression": {
        "mae": 7.830137677160181,
        "mse": 99.07794363998923,
        "rmse": 9.953790415715474,
        "r2": -58.690230679139866,
        "cv_mae": 22.979176596577563,
        "cv_std": 16.28923285387367
      },
      "RandomForest": {
        "mae": 1.1868369749463663,
        "mse": 2.0349343207858217,
        "rmse": 1.4265112410303054,
        "r2": -0.22596104200510747,
        "cv_mae": 1.1750670468872784,
        "cv_std": 0.04074454601044382
      },
      "XGBoost": {
        "mae": 1.3173409816278667,
        "mse": 2.4406314923113093,
        "rmse": 1.5622520578675225,
        "r2": -0.4703762656619792,
        "cv_mae": 1.26110115624126,
        "cv_std": 0.03720314702456383
      },
      "LightGBM": {
        "mae": 1.2603131512500518,
        "mse": 2.4176230984588676,
        "rmse": 1.554870765838392,
        "r2": -0.4565146907629374,
        "cv_mae": 1.2343761172126084,
        "cv_std": 0.034204890914176944
      },
      "SVR": {
        "mae": 1.1347296829894664,
        "mse": 1.7167109272894254,
        "rmse": 1.3102331576057085,
        "r2": -0.034245034713732636,
        "cv_mae": 1.1440820074441422,
        "cv_std": 0.05765409374057908
      }
    },
    "cited_vs_uncited": {
      "LogisticRegression": {
        "accuracy": 0.675,
        "precision": 0.8035714285714286,
        "recall": 0.75,
        "f1": 0.7758620689655172,
        "auc": 0.61
      },
      "RandomForest": {
        "accuracy": 0.75,
        "precision": 0.75,
        "recall": 1.0,
        "f1": 0.8571428571428571,
        "auc": 0.5566666666666666
      },
      "XGBoost": {
        "accuracy": 0.7625,
        "precision": 0.759493670886076,
        "recall": 1.0,
        "f1": 0.8633093525179856,
        "auc": 0.48916666666666664
      },
      "LightGBM": {
        "accuracy": 0.75,
        "precision": 0.7631578947368421,
        "recall": 0.9666666666666667,
        "f1": 0.8529411764705882,
        "auc": 0.5499999999999999
      },
      "SVC": {
        "accuracy": 0.75,
        "precision": 0.75,
        "recall": 1.0,
        "f1": 0.8571428571428571,
        "auc": 0.5775
      }
    },
    "any_impact": {
      "LogisticRegression": {
        "accuracy": 0.675,
        "precision": 0.8035714285714286,
        "recall": 0.75,
        "f1": 0.7758620689655172,
        "auc": 0.61
      },
      "RandomForest": {
        "accuracy": 0.75,
        "precision": 0.75,
        "recall": 1.0,
        "f1": 0.8571428571428571,
        "auc": 0.5566666666666666
      },
      "XGBoost": {
        "accuracy": 0.7625,
        "precision": 0.759493670886076,
        "recall": 1.0,
        "f1": 0.8633093525179856,
        "auc": 0.48916666666666664
      },
      "LightGBM": {
        "accuracy": 0.75,
        "precision": 0.7631578947368421,
        "recall": 0.9666666666666667,
        "f1": 0.8529411764705882,
        "auc": 0.5499999999999999
      },
      "SVC": {
        "accuracy": 0.75,
        "precision": 0.75,
        "recall": 1.0,
        "f1": 0.8571428571428571,
        "auc": 0.5775
      }
    }
  }
}