{
  "experiment_info": {
    "timestamp": "2025-06-21T11:12:19.659204",
    "total_papers": 3994,
    "total_features": 829,
    "transformer_used": true,
    "data_leakage_checked": true,
    "legitimate_features_only": true
  },
  "performance_results": {
    "citation_count": {
      "LinearRegression": {
        "mae": 15.177040533231661,
        "mse": 367.8593314318868,
        "rmse": 19.179659314802407,
        "r2": -0.9759788695154099,
        "cv_mae": 12.651319039360652,
        "cv_std": 0.28433342203899126
      },
      "RandomForest": {
        "mae": 11.08991574361691,
        "mse": 190.57476250494796,
        "rmse": 13.804881835964695,
        "r2": -0.023683978076334933,
        "cv_mae": 11.011648591858483,
        "cv_std": 0.35438401992873186
      },
      "XGBoost": {
        "mae": 11.754253422568677,
        "mse": 225.5294368798247,
        "rmse": 15.017637526582691,
        "r2": -0.21144514669123837,
        "cv_mae": 11.68920610180428,
        "cv_std": 0.3260635460080833
      },
      "LightGBM": {
        "mae": 11.485765756476441,
        "mse": 203.6256553616873,
        "rmse": 14.269746156175565,
        "r2": -0.09378764627158231,
        "cv_mae": 11.34502689991134,
        "cv_std": 0.2991998024245042
      },
      "SVR": {
        "mae": 9.450806017205386,
        "mse": 215.66027420239703,
        "rmse": 14.685376202276775,
        "r2": -0.15843233651051292,
        "cv_mae": 9.679176562037922,
        "cv_std": 0.588573384887845
      }
    },
    "log_citation_count": {
      "LinearRegression": {
        "mae": 1.492760796502035,
        "mse": 3.4079565273699863,
        "rmse": 1.846065147108841,
        "r2": -0.9883957044832112,
        "cv_mae": 1.2864491588135352,
        "cv_std": 0.02924518912285568
      },
      "RandomForest": {
        "mae": 1.141149874891073,
        "mse": 1.7562885448285235,
        "rmse": 1.3252503706200287,
        "r2": -0.02471864600489182,
        "cv_mae": 1.139217332415887,
        "cv_std": 0.03384751082025564
      },
      "XGBoost": {
        "mae": 1.2020797713580984,
        "mse": 2.0012683426568687,
        "rmse": 1.414661918147537,
        "r2": -0.16765379607940556,
        "cv_mae": 1.1924574855385015,
        "cv_std": 0.0257866862103137
      },
      "LightGBM": {
        "mae": 1.1628255580767368,
        "mse": 1.8545117374236397,
        "rmse": 1.3618045885602088,
        "r2": -0.0820276441297827,
        "cv_mae": 1.1665987864813208,
        "cv_std": 0.0343962720437675
      },
      "SVR": {
        "mae": 1.1458812467559538,
        "mse": 1.7994770546097052,
        "rmse": 1.3414458821024817,
        "r2": -0.04991727945054958,
        "cv_mae": 1.147000466927068,
        "cv_std": 0.03344225217338961
      }
    },
    "high_impact_top10": {
      "LogisticRegression": {
        "accuracy": 0.7897371714643304,
        "precision": 0.06060606060606061,
        "recall": 0.03636363636363636,
        "f1": 0.045454545454545456,
        "auc": 0.5004486079957778,
        "cv_f1": 0.10918300212537102,
        "cv_f1_std": 0.037801235660142436
      },
      "RandomForest": {
        "accuracy": 0.8623279098873592,
        "precision": 0.0,
        "recall": 0.0,
        "f1": 0.0,
        "auc": 0.49086950785063993,
        "cv_f1": 0.0,
        "cv_f1_std": 0.0
      },
      "XGBoost": {
        "accuracy": 0.8585732165206508,
        "precision": 0.0,
        "recall": 0.0,
        "f1": 0.0,
        "auc": 0.5218762369705767,
        "cv_f1": 0.017488681426734525,
        "cv_f1_std": 0.015565757519835844
      },
      "LightGBM": {
        "accuracy": 0.8573216520650814,
        "precision": 0.0,
        "recall": 0.0,
        "f1": 0.0,
        "auc": 0.4894445177464046,
        "cv_f1": 0.0,
        "cv_f1_std": 0.0
      },
      "SVC": {
        "accuracy": 0.8623279098873592,
        "precision": 0.0,
        "recall": 0.0,
        "f1": 0.0,
        "auc": 0.49309935347671197,
        "cv_f1": 0.0,
        "cv_f1_std": 0.0
      }
    },
    "high_impact_top20": {
      "LogisticRegression": {
        "accuracy": 0.6583229036295369,
        "precision": 0.2196969696969697,
        "recall": 0.1457286432160804,
        "f1": 0.17522658610271905,
        "auc": 0.47379396984924627,
        "cv_f1": 0.19735513243281474,
        "cv_f1_std": 0.021217075657267312
      },
      "RandomForest": {
        "accuracy": 0.7509386733416771,
        "precision": 0.0,
        "recall": 0.0,
        "f1": 0.0,
        "auc": 0.5028894472361809,
        "cv_f1": 0.0,
        "cv_f1_std": 0.0
      },
      "XGBoost": {
        "accuracy": 0.7321652065081352,
        "precision": 0.3076923076923077,
        "recall": 0.06030150753768844,
        "f1": 0.10084033613445378,
        "auc": 0.5157705192629816,
        "cv_f1": 0.05936087411451633,
        "cv_f1_std": 0.029620734703733383
      },
      "LightGBM": {
        "accuracy": 0.7484355444305382,
        "precision": 0.42857142857142855,
        "recall": 0.03015075376884422,
        "f1": 0.056338028169014086,
        "auc": 0.4780988274706867,
        "cv_f1": 0.04466744987877501,
        "cv_f1_std": 0.019433539721016982
      },
      "SVC": {
        "accuracy": 0.7521902377972466,
        "precision": 1.0,
        "recall": 0.005025125628140704,
        "f1": 0.01,
        "auc": 0.5084087102177555,
        "cv_f1": 0.0,
        "cv_f1_std": 0.0
      }
    },
    "cited_vs_uncited": {
      "LogisticRegression": {
        "accuracy": 0.6620775969962454,
        "precision": 0.7422680412371134,
        "recall": 0.8414023372287145,
        "f1": 0.7887323943661971,
        "auc": 0.4952754590984976,
        "cv_f1": 0.7902619227767731,
        "cv_f1_std": 0.006354198027287443
      },
      "RandomForest": {
        "accuracy": 0.7496871088861077,
        "precision": 0.7496871088861077,
        "recall": 1.0,
        "f1": 0.8569384835479256,
        "auc": 0.4706093489148581,
        "cv_f1": 0.8568974917094007,
        "cv_f1_std": 8.198367704990162e-05
      },
      "XGBoost": {
        "accuracy": 0.7259073842302879,
        "precision": 0.7467532467532467,
        "recall": 0.9599332220367279,
        "f1": 0.8400292184075968,
        "auc": 0.4543656093489148,
        "cv_f1": 0.8449610807192192,
        "cv_f1_std": 0.004230767364448176
      },
      "LightGBM": {
        "accuracy": 0.7396745932415519,
        "precision": 0.7484116899618806,
        "recall": 0.9833055091819699,
        "f1": 0.84992784992785,
        "auc": 0.4597161936560935,
        "cv_f1": 0.8513112351482602,
        "cv_f1_std": 0.0033616696354200016
      },
      "SVC": {
        "accuracy": 0.7496871088861077,
        "precision": 0.7496871088861077,
        "recall": 1.0,
        "f1": 0.8569384835479256,
        "auc": 0.522829716193656,
        "cv_f1": 0.8568974917094007,
        "cv_f1_std": 8.198367704990162e-05
      }
    },
    "any_impact": {
      "LogisticRegression": {
        "accuracy": 0.6620775969962454,
        "precision": 0.7422680412371134,
        "recall": 0.8414023372287145,
        "f1": 0.7887323943661971,
        "auc": 0.4952754590984976,
        "cv_f1": 0.7902619227767731,
        "cv_f1_std": 0.006354198027287443
      },
      "RandomForest": {
        "accuracy": 0.7496871088861077,
        "precision": 0.7496871088861077,
        "recall": 1.0,
        "f1": 0.8569384835479256,
        "auc": 0.4706093489148581,
        "cv_f1": 0.8568974917094007,
        "cv_f1_std": 8.198367704990162e-05
      },
      "XGBoost": {
        "accuracy": 0.7259073842302879,
        "precision": 0.7467532467532467,
        "recall": 0.9599332220367279,
        "f1": 0.8400292184075968,
        "auc": 0.4543656093489148,
        "cv_f1": 0.8449610807192192,
        "cv_f1_std": 0.004230767364448176
      },
      "LightGBM": {
        "accuracy": 0.7396745932415519,
        "precision": 0.7484116899618806,
        "recall": 0.9833055091819699,
        "f1": 0.84992784992785,