{
  "experiment_info": {
    "timestamp": "2025-06-20T16:48:17.763625",
    "total_papers": 130,
    "total_features": 882,
    "comprehensive_enhanced": true,
    "feature_categories": {
      "social_media": 8,
      "github": 27,
      "temporal": 24,
      "network": 6,
      "embeddings": 768
    },
    "transformers_used": false,
    "apis_used": {
      "altmetric": true,
      "github": true,
      "temporal": true
    },
    "data_leakage_checked": true
  },
  "performance_results": {
    "citation_count": {
      "LinearRegression": {
        "mae": 0.036980138288267565,
        "mse": 0.0019672912403741675,
        "rmse": 0.04435415696836281,
        "r2": 0.9957914908908452,
        "cv_mae": 1.692804171195359,
        "cv_std": 0.005796151185615996
      },
      "RandomForest": {
        "mae": 0.07961538461538463,
        "mse": 0.06270384615384615,
        "rmse": 0.25040736042266437,
        "r2": 0.8658613924050633,
        "cv_mae": 0.6040732910500352,
        "cv_std": 0.29589292915283344
      },
      "XGBoost": {
        "mae": 6.359551480272785e-05,
        "mse": 4.915106747020849e-09,
        "rmse": 7.010782229552456e-05,
        "r2": 0.9999999894854046,
        "cv_mae": 0.7115052064463456,
        "cv_std": 0.20333697667641765
      },
      "LightGBM": {
        "mae": 1.6282197000314829,
        "mse": 4.383563594359531,
        "rmse": 2.093696156169641,
        "r2": -8.377496803123552,
        "cv_mae": 1.8238681081914907,
        "cv_std": 0.08634728689196587
      },
      "SVR": {
        "mae": 0.42307692307688305,
        "mse": 0.5484615384615927,
        "rmse": 0.7405818917996798,
        "r2": -0.17329113924062223,
        "cv_mae": 0.8294664213877426,
        "cv_std": 0.4922922611687847
      }
    },
    "log_citation_count": {
      "LinearRegression": {
        "mae": 0.04010411090494876,
        "mse": 0.005950939062254561,
        "rmse": 0.07714232989905452,
        "r2": 0.9591560800922286,
        "cv_mae": 0.8547433210406338,
        "cv_std": 0.09330331904749059
      },
      "RandomForest": {
        "mae": 0.040443644617232814,
        "mse": 0.00795466963486362,
        "rmse": 0.0891889546685217,
        "r2": 0.9454035932715367,
        "cv_mae": 0.07922446806770538,
        "cv_std": 0.034702345216730796
      },
      "XGBoost": {
        "mae": 0.04243550277033319,
        "mse": 0.04672225964318147,
        "rmse": 0.2161533243861437,
        "r2": 0.6793245215901744,
        "cv_mae": 0.05827897742606536,
        "cv_std": 0.014647426030227343
      },
      "LightGBM": {
        "mae": 0.171652976940763,
        "mse": 0.043787105499885584,
        "rmse": 0.20925368694454485,
        "r2": 0.6994697792531426,
        "cv_mae": 0.3262260073212648,
        "cv_std": 0.11053934413104186
      },
      "SVR": {
        "mae": 0.27839710096301784,
        "mse": 0.16528147031126983,
        "rmse": 0.40654823860308364,
        "r2": -0.13439964096601154,
        "cv_mae": 0.25628385388499564,
        "cv_std": 0.05821197092711424
      }
    },
    "cited_vs_uncited": {
      "LogisticRegression": {
        "accuracy": 0.8076923076923077,
        "precision": 0.6666666666666666,
        "recall": 0.3333333333333333,
        "f1": 0.4444444444444444,
        "auc": 0.5916666666666666
      },
      "RandomForest": {
        "accuracy": 1.0,
        "precision": 1.0,
        "recall": 1.0,
        "f1": 1.0,
        "auc": 1.0
      },
      "XGBoost": {
        "accuracy": 1.0,
        "precision": 1.0,
        "recall": 1.0,
        "f1": 1.0,
        "auc": 1.0
      },
      "LightGBM": {
        "accuracy": 1.0,
        "precision": 1.0,
        "recall": 1.0,
        "f1": 1.0,
        "auc": 1.0
      },
      "SVC": {
        "accuracy": 0.7692307692307693,
        "precision": 0.0,
        "recall": 0.0,
        "f1": 0.0,
        "auc": 0.6333333333333333
      }
    },
    "any_impact": {
      "LogisticRegression": {
        "accuracy": 0.8076923076923077,
        "precision": 0.6666666666666666,
        "recall": 0.3333333333333333,
        "f1": 0.4444444444444444,
        "auc": 0.5916666666666666
      },
      "RandomForest": {
        "accuracy": 1.0,
        "precision": 1.0,
        "recall": 1.0,
        "f1": 1.0,
        "auc": 1.0
      },
      "XGBoost": {
        "accuracy": 1.0,
        "precision": 1.0,
        "recall": 1.0,
        "f1": 1.0,
        "auc": 1.0
      },
      "LightGBM": {
        "accuracy": 1.0,
        "precision": 1.0,
        "recall": 1.0,
        "f1": 1.0,
        "auc": 1.0
      },
      "SVC": {
        "accuracy": 0.7692307692307693,
        "precision": 0.0,
        "recall": 0.0,
        "f1": 0.0,
        "auc": 0.6333333333333333
      }
    }
  }
}